<?xml version="1.0" encoding="UTF-8" ?>
<!DOCTYPE mapper PUBLIC "-//mybatis.org//DTD Mapper 3.0//EN" 
	"http://mybatis.org/dtd/mybatis-3-mapper.dtd">

<mapper namespace="com.ssafy.member.model.mapper.MemberMapper">

	<resultMap type="memberDto" id="member">
		<result column="user_id" property="userId"/>
		<result column="user_name" property="userName"/>
	</resultMap>

	<select id="idCheck" parameterType="String" resultType="int">
		select count(user_id)
		from members
		where user_id = #{userid}
	</select>

	<insert id="joinMember" parameterType="memberDto">
		insert into members (user_name, user_id, user_password, email_id, email_domain, join_date)
		values (#{userName}, #{userId}, #{userPwd}, #{emailId}, #{emailDomain}, now())
	</insert>

	<select id="loginMember" parameterType="map" resultMap="member">
		select user_id, user_name
		from members
		where user_id = #{userid} and user_password = #{userpwd}
	</select>
	<select id="members"  resultType="memberDto">
		select user_id userId
		from members
		where user_id not like '%admin%'
		order by user_id
	</select>
</mapper>